{
    "profiles": [
      {
        "id": 657,
        "createdTs": "2016-12-19T19:43:24.956949",
        "updatedTs": "2020-10-31T06:00:36.528Z",
        "name": "Lenora Waters II",
        "email": "bernie@elwin.tv",
        "sex": "M",
        "birthdate": "1990-02-21T21:44:53.956367",
        "phonenumber": "1234567890",
        "address": "603 Gusikowski Lodge",
        "city": "East Liammouth",
        "country": "Scotland",
        "photo": "https://randomuser.me/api/portraits/men/0.jpg",
        "favorite": false
      },
      {
        "id": 658,
        "createdTs": "2016-12-19T19:43:24.960599",
        "updatedTs": "2016-12-19T19:43:24.960637",
        "name": "Domingo White",
        "email": "jaron.shields@angie.biz",
        "sex": "M",
        "birthdate": "1985-11-01T06:59:06.960092",
        "phonenumber": "(498)2105-4380",
        "address": "258 Hank Brooks",
        "city": "West Lilliana",
        "country": "England",
        "photo": "",
        "favorite": false
      },
      {
        "id": 659,
        "createdTs": "2016-12-19T19:43:24.962456",
        "updatedTs": "2016-12-19T19:43:24.962489",
        "name": "Jazmin Bode",
        "email": "oleta.hessel@mayra.biz",
        "sex": "M",
        "birthdate": "1998-08-27T18:35:12.962014",
        "phonenumber": "1-330-349-8362",
        "address": "056 VonRueden Throughway",
        "city": "Kutchtown",
        "country": "Wales",
        "photo": "https://randomuser.me/api/portraits/men/2.jpg",
        "favorite": false
      },
      {
        "id": 660,
        "createdTs": "2016-12-19T19:43:24.964352",
        "updatedTs": "2016-12-19T19:43:24.964388",
        "name": "German Blanda II",
        "email": "tyree.mayer@malika.ca",
        "sex": "M",
        "birthdate": "1981-06-14T00:34:30.963815",
        "phonenumber": "1081-863-5347 x02106",
        "address": "8102104 Kian Union",
        "city": "East Mattie",
        "country": "Scotland",
        "photo": "https://randomuser.me/api/portraits/men/3.jpg",
        "favorite": false
      },
      {
        "id": 661,
        "createdTs": "2016-12-19T19:43:24.966326",
        "updatedTs": "2016-12-19T19:43:24.966373",
        "name": "Miss America Mills",
        "email": "gabrielle@madelyn.biz",
        "sex": "M",
        "birthdate": "1978-11-09T20:44:32.965752",
        "phonenumber": "662-150-6104",
        "address": "280210 Veronica Loaf",
        "city": "McDermottville",
        "country": "Northern Ireland",
        "photo": "https://randomuser.me/api/portraits/men/4.jpg",
        "favorite": false
      },
      {
        "id": 662,
        "createdTs": "2016-12-19T19:43:24.968668",
        "updatedTs": "2016-12-19T19:43:24.96871",
        "name": "Virgie Walsh",
        "email": "granville_howe@ressie.co.uk",
        "sex": "F",
        "birthdate": "1983-10-24T15:14:17.968143",
        "phonenumber": "(0410)1000-10571 x941010",
        "address": "8222 Rutherford Overpass",
        "city": "East Aurelia",
        "country": "Scotland",
        "photo": "",
        "favorite": false
      },
      {
        "id": 663,
        "createdTs": "2016-12-19T19:43:24.970635",
        "updatedTs": "2016-12-19T19:43:24.970675",
        "name": "Everett Erdman",
        "email": "brandt@jalon.me",
        "sex": "M",
        "birthdate": "1977-12-10T09:33:00.970103",
        "phonenumber": "439.618.8041",
        "address": "825 Sylvester Junction",
        "city": "New Aricside",
        "country": "Northern Ireland",
        "photo": "https://randomuser.me/api/portraits/men/6.jpg",
        "favorite": false
      },
      {
        "id": 664,
        "createdTs": "2016-12-19T19:43:24.972417",
        "updatedTs": "2016-12-19T19:43:24.972455",
        "name": "Dangelo Boehm",
        "email": "jerry.cole@ben.net",
        "sex": "F",
        "birthdate": "1979-07-13T10:24:37.97194",
        "phonenumber": "1-413-997-09310",
        "address": "82186 Macejkovic Corner",
        "city": "North Donatoberg",
        "country": "Wales",
        "photo": "https://randomuser.me/api/portraits/women/7.jpg",
        "favorite": false
      },
      {
        "id": 665,
        "createdTs": "2016-12-19T19:43:24.974099",
        "updatedTs": "2016-12-19T19:43:24.974137",
        "name": "Kenna Bradtke",
        "email": "deshawn_nolan@rey.biz",
        "sex": "M",
        "birthdate": "1974-10-12T12:26:23.973618",
        "phonenumber": "1-399-797-3337 x39402",
        "address": "046910 Grant Lane",
        "city": "North Johnmouth",
        "country": "Scotland",
        "photo": "https://randomuser.me/api/portraits/men/8.jpg",
        "favorite": false
      },
      {
        "id": 666,
        "createdTs": "2016-12-19T19:43:24.97577",
        "updatedTs": "2016-12-19T19:43:24.975807",
        "name": "Vidal Spencer",
        "email": "dorian_kreiger@leopold.ca",
        "sex": "F",
        "birthdate": "1999-05-23T02:42:51.975328",
        "phonenumber": "1-537-584-103110 x484",
        "address": "7610 Nelda Drives",
        "city": "Zemlakburgh",
        "country": "Northern Ireland",
        "photo": "https://randomuser.me/api/portraits/women/9.jpg",
        "favorite": false
      },
      {
        "id": 667,
        "createdTs": "2016-12-19T19:43:24.977406",
        "updatedTs": "2016-12-19T19:43:24.977443",
        "name": "Nestor Reichel",
        "email": "tillman@allene.name",
        "sex": "M",
        "birthdate": "1980-11-06T09:16:40.976985",
        "phonenumber": "1-442-1610-73108",
        "address": "455 Auer Lock",
        "city": "Beermouth",
        "country": "Northern Ireland",
        "photo": "https://randomuser.me/api/portraits/men/10.jpg",
        "favorite": false
      },
      {
        "id": 668,
        "createdTs": "2016-12-19T19:43:24.979182",
        "updatedTs": "2016-12-19T19:43:24.979219",
        "name": "Shanny Robel",
        "email": "pinkie_heaney@elva.biz",
        "sex": "F",
        "birthdate": "1967-02-19T09:57:21.978703",
        "phonenumber": "981-643-21062 x2510",
        "address": "88582 Gleichner Stravenue",
        "city": "New Heberhaven",
        "country": "Wales",
        "photo": "https://randomuser.me/api/portraits/women/11.jpg",
        "favorite": false
      },
      {
        "id": 669,
        "createdTs": "2016-12-19T19:43:24.981183",
        "updatedTs": "2016-12-19T19:43:24.981223",
        "name": "Leda Dach",
        "email": "kirstin.gleichner@samir.org",
        "sex": "F",
        "birthdate": "1971-05-24T10:52:43.98064",
        "phonenumber": "186.558.8870",
        "address": "925 Dena Manors",
        "city": "South Jimmieburgh",
        "country": "Wales",
        "photo": "https://randomuser.me/api/portraits/women/12.jpg",
        "favorite": false
      },
      {
        "id": 670,
        "createdTs": "2016-12-19T19:43:24.983649",
        "updatedTs": "2016-12-19T19:43:24.983713",
        "name": "Kamron Jacobi I",
        "email": "missouri@arthur.org",
        "sex": "M",
        "birthdate": "1988-06-28T18:39:21.982791",
        "phonenumber": "412.343.2782 x759",
        "address": "490 Willms Cliffs",
        "city": "Minervaside",
        "country": "Scotland",
        "photo": "https://randomuser.me/api/portraits/men/13.jpg",
        "favorite": false
      },
      {
        "id": 671,
        "createdTs": "2016-12-19T19:43:24.987426",
        "updatedTs": "2016-12-19T19:43:24.987472",
        "name": "Mrs. Grady Walker",
        "email": "ethelyn.borer@rogelio.ca",
        "sex": "F",
        "birthdate": "1968-07-24T03:54:40.986373",
        "phonenumber": "(669)949-10338 x027",
        "address": "567 Jerald Unions",
        "city": "Oberbrunnerport",
        "country": "Scotland",
        "photo": "https://randomuser.me/api/portraits/women/14.jpg",
        "favorite": false
      },
      {
        "id": 672,
        "createdTs": "2016-12-19T19:43:24.989539",
        "updatedTs": "2016-12-19T19:43:24.989591",
        "name": "Sigurd Muller",
        "email": "jordan@malinda.us",
        "sex": "M",
        "birthdate": "1996-11-03T21:20:09.988977",
        "phonenumber": "1-081-699-31088 x762",
        "address": "614 Xzavier Fork",
        "city": "Port Annaliseburgh",
        "country": "Northern Ireland",
        "photo": "https://randomuser.me/api/portraits/men/15.jpg",
        "favorite": false
      },
      {
        "id": 673,
        "createdTs": "2016-12-19T19:43:24.991483",
        "updatedTs": "2016-12-19T19:43:24.99152",
        "name": "Rose Hessel IV",
        "email": "triston@guiseppe.net",
        "sex": "M",
        "birthdate": "1981-07-28T14:09:53.991008",
        "phonenumber": "1-207-153-8194",
        "address": "51040 Parisian Causeway",
        "city": "South Eliane",
        "country": "England",
        "photo": "https://randomuser.me/api/portraits/men/16.jpg",
        "favorite": false
      },
      {
        "id": 674,
        "createdTs": "2016-12-19T19:43:24.99309",
        "updatedTs": "2016-12-19T19:43:24.993123",
        "name": "Era Satterfield PhD",
        "email": "carmine@milton.biz",
        "sex": "M",
        "birthdate": "1987-06-23T19:46:12.992692",
        "phonenumber": "1-10510-1104-3789",
        "address": "352 Christiansen Plain",
        "city": "Heidenreichshire",
        "country": "Northern Ireland",
        "photo": "https://randomuser.me/api/portraits/men/17.jpg",
        "favorite": false
      },
      {
        "id": 675,
        "createdTs": "2016-12-19T19:43:24.99479",
        "updatedTs": "2016-12-19T19:43:24.994821",
        "name": "Joan Daniel",
        "email": "beulah@neha.ca",
        "sex": "M",
        "birthdate": "1979-11-01T08:04:36.994353",
        "phonenumber": "049-1080-2551",
        "address": "4497 Vickie Spurs",
        "city": "Lake Jaidenton",
        "country": "England",
        "photo": "https://randomuser.me/api/portraits/men/18.jpg",
        "favorite": false
      },
      {
        "id": 676,
        "createdTs": "2016-12-19T19:43:24.997096",
        "updatedTs": "2016-12-19T19:43:24.997134",
        "name": "Zakary Kertzmann",
        "email": "rogers_dietrich@monroe.org",
        "sex": "F",
        "birthdate": "1985-06-15T05:09:03.996605",
        "phonenumber": "1-687-600-1737",
        "address": "8605 Mertz Crest",
        "city": "Lake Terranceton",
        "country": "Wales",
        "photo": "https://randomuser.me/api/portraits/women/19.jpg",
        "favorite": false
      },
      {
        "id": 677,
        "createdTs": "2016-12-19T19:43:24.998824",
        "updatedTs": "2016-12-19T19:43:24.998854",
        "name": "Tony Harris",
        "email": "calista.dach@gayle.co.uk",
        "sex": "M",
        "birthdate": "1977-08-16T15:17:11.99835",
        "phonenumber": "1-913-670-7023",
        "address": "1073 Kareem Road",
        "city": "South Anguston",
        "country": "Wales",
        "photo": "https://randomuser.me/api/portraits/men/20.jpg",
        "favorite": false
      },
      {
        "id": 678,
        "createdTs": "2016-12-19T19:43:25.000529",
        "updatedTs": "2016-12-19T19:43:25.000566",
        "name": "Levi Keebler",
        "email": "ewell@joseph.me",
        "sex": "M",
        "birthdate": "2001-11-26T15:47:26.999998",
        "phonenumber": "300-597-1976",
        "address": "049 Javon Squares",
        "city": "New Coleman",
        "country": "Northern Ireland",
        "photo": "https://randomuser.me/api/portraits/men/21.jpg",
        "favorite": false
      },
      {
        "id": 679,
        "createdTs": "2016-12-19T19:43:25.002355",
        "updatedTs": "2016-12-19T19:43:25.002398",
        "name": "Emilio Christiansen",
        "email": "kennedy@lorna.org",
        "sex": "F",
        "birthdate": "1990-10-02T22:36:01.001872",
        "phonenumber": "1-671-879-101003",
        "address": "721 Daugherty Corner",
        "city": "Russelmouth",
        "country": "Wales",
        "photo": "https://randomuser.me/api/portraits/women/22.jpg",
        "favorite": false
      },
      {
        "id": 680,
        "createdTs": "2016-12-19T19:43:25.004124",
        "updatedTs": "2016-12-19T19:43:25.004164",
        "name": "Christine Jacobs",
        "email": "reina_stehr@elsa.name",
        "sex": "F",
        "birthdate": "2000-07-03T01:57:13.003634",
        "phonenumber": "646.634.3900",
        "address": "2814 Howe Ways",
        "city": "East Katlynnhaven",
        "country": "Northern Ireland",
        "photo": "https://randomuser.me/api/portraits/women/23.jpg",
        "favorite": false
      },
      {
        "id": 681,
        "createdTs": "2016-12-19T19:43:25.00586",
        "updatedTs": "2016-12-19T19:43:25.005897",
        "name": "Roosevelt Daniel",
        "email": "alia@sydni.com",
        "sex": "F",
        "birthdate": "2000-05-03T18:19:22.005378",
        "phonenumber": "1-388-571-9046",
        "address": "048 Jovan Squares",
        "city": "New Amarafort",
        "country": "England",
        "photo": "https://randomuser.me/api/portraits/women/24.jpg",
        "favorite": false
      },
      {
        "id": 682,
        "createdTs": "2016-12-19T19:43:25.007609",
        "updatedTs": "2016-12-19T19:43:25.007644",
        "name": "Terence Koepp",
        "email": "philip_greenfelder@ezekiel.co.uk",
        "sex": "M",
        "birthdate": "1986-07-31T11:44:48.007122",
        "phonenumber": "621-1103-18910 x6913",
        "address": "418 Ruth Meadow",
        "city": "Gorczanyhaven",
        "country": "England",
        "photo": "https://randomuser.me/api/portraits/men/25.jpg",
        "favorite": false
      },
      {
        "id": 683,
        "createdTs": "2016-12-19T19:43:25.009528",
        "updatedTs": "2016-12-19T19:43:25.009566",
        "name": "Ewell Hegmann",
        "email": "marcia_kessler@suzanne.net",
        "sex": "M",
        "birthdate": "1992-07-19T00:16:07.009035",
        "phonenumber": "1-361-455-2962",
        "address": "494 Ward Light",
        "city": "Einoshire",
        "country": "Scotland",
        "photo": "https://randomuser.me/api/portraits/men/26.jpg",
        "favorite": false
      },
      {
        "id": 684,
        "createdTs": "2016-12-19T19:43:25.011277",
        "updatedTs": "2016-12-19T19:43:25.011312",
        "name": "Maribel Blanda",
        "email": "lina@dan.us",
        "sex": "F",
        "birthdate": "1999-05-23T04:34:04.010825",
        "phonenumber": "319.416.70810",
        "address": "1007 Hirthe Camp",
        "city": "Lake Carmela",
        "country": "Wales",
        "photo": "https://randomuser.me/api/portraits/women/27.jpg",
        "favorite": false
      },
      {
        "id": 685,
        "createdTs": "2016-12-19T19:43:25.012978",
        "updatedTs": "2016-12-19T19:43:25.013017",
        "name": "Emmie Sporer",
        "email": "nels.johns@verlie.com",
        "sex": "M",
        "birthdate": "1995-07-18T15:19:44.012503",
        "phonenumber": "(1001)159-76210",
        "address": "19729 Jamarcus Views",
        "city": "Aufderharberg",
        "country": "Scotland",
        "photo": "https://randomuser.me/api/portraits/men/28.jpg",
        "favorite": false
      },
      {
        "id": 686,
        "createdTs": "2016-12-19T19:43:25.014683",
        "updatedTs": "2016-12-19T19:43:25.014719",
        "name": "Mekhi Heaney",
        "email": "camryn_stroman@jermain.us",
        "sex": "F",
        "birthdate": "1985-07-09T14:33:03.014219",
        "phonenumber": "1-2104-1108-5410 x410106",
        "address": "2734 Victor Mall",
        "city": "Gottliebmouth",
        "country": "Wales",
        "photo": "https://randomuser.me/api/portraits/women/29.jpg",
        "favorite": false
      },
      {
        "id": 687,
        "createdTs": "2016-12-19T19:43:25.016337",
        "updatedTs": "2016-12-19T19:43:25.016374",
        "name": "Hazle Beer",
        "email": "vaughn@eleonore.biz",
        "sex": "M",
        "birthdate": "1977-04-19T23:56:09.015878",
        "phonenumber": "934-491-8855",
        "address": "506 Parker Stream",
        "city": "Kihnhaven",
        "country": "Northern Ireland",
        "photo": "https://randomuser.me/api/portraits/men/30.jpg",
        "favorite": false
      },
      {
        "id": 688,
        "createdTs": "2016-12-19T19:43:25.01831",
        "updatedTs": "2016-12-19T19:43:25.018352",
        "name": "Nannie Schinner",
        "email": "clifford_kunde@milan.info",
        "sex": "M",
        "birthdate": "1977-07-26T19:49:11.017704",
        "phonenumber": "(651)1108-2550 x870",
        "address": "483107 Darby Unions",
        "city": "Lake Rosario",
        "country": "England",
        "photo": "https://randomuser.me/api/portraits/men/31.jpg",
        "favorite": false
      },
      {
        "id": 689,
        "createdTs": "2016-12-19T19:43:25.020164",
        "updatedTs": "2016-12-19T19:43:25.020197",
        "name": "Michele Morissette",
        "email": "danyka_o.hara@naomi.tv",
        "sex": "F",
        "birthdate": "1994-10-17T08:55:23.019664",
        "phonenumber": "188.970.2616 x8877",
        "address": "1069 Abelardo Viaduct",
        "city": "Leannonhaven",
        "country": "Wales",
        "photo": "https://randomuser.me/api/portraits/women/32.jpg",
        "favorite": false
      },
      {
        "id": 690,
        "createdTs": "2016-12-19T19:43:25.022492",
        "updatedTs": "2016-12-19T19:43:25.022535",
        "name": "Liza Hintz",
        "email": "isaac_gottlieb@erica.biz",
        "sex": "M",
        "birthdate": "1972-08-11T14:58:56.021982",
        "phonenumber": "(991)568-8515",
        "address": "21010 Barton Mountains",
        "city": "Russelfurt",
        "country": "Wales",
        "photo": "https://randomuser.me/api/portraits/men/33.jpg",
        "favorite": false
      },
      {
        "id": 691,
        "createdTs": "2016-12-19T19:43:25.024227",
        "updatedTs": "2016-12-19T19:43:25.024271",
        "name": "Clyde Nikolaus II",
        "email": "mckenzie@blaise.me",
        "sex": "F",
        "birthdate": "1974-09-25T22:05:54.023736",
        "phonenumber": "(51010)967-7197",
        "address": "129 Maverick Bridge",
        "city": "North Junius",
        "country": "England",
        "photo": "https://randomuser.me/api/portraits/women/34.jpg",
        "favorite": false
      },
      {
        "id": 692,
        "createdTs": "2016-12-19T19:43:25.026678",
        "updatedTs": "2016-12-19T19:43:25.026718",
        "name": "Vinnie Schmidt",
        "email": "friedrich@warren.us",
        "sex": "F",
        "birthdate": "2001-12-14T06:09:28.026112",
        "phonenumber": "1-914-368-8906 x9138",
        "address": "101536 Nannie Crest",
        "city": "North Kathleen",
        "country": "Northern Ireland",
        "photo": "https://randomuser.me/api/portraits/women/35.jpg",
        "favorite": false
      },
      {
        "id": 693,
        "createdTs": "2016-12-19T19:43:25.028548",
        "updatedTs": "2016-12-19T19:43:25.028585",
        "name": "Robb Jacobson",
        "email": "kadin@mina.biz",
        "sex": "F",
        "birthdate": "1994-12-16T08:48:45.02811",
        "phonenumber": "1-873-185-66103 x27455",
        "address": "473 Heaney Lights",
        "city": "Douglasburgh",
        "country": "England",
        "photo": "https://randomuser.me/api/portraits/women/36.jpg",
        "favorite": false
      },
      {
        "id": 694,
        "createdTs": "2016-12-19T19:43:25.030109",
        "updatedTs": "2016-12-19T19:43:25.030144",
        "name": "Laverne Gleichner",
        "email": "florencio.fisher@wendell.tv",
        "sex": "F",
        "birthdate": "1974-02-26T16:03:00.029695",
        "phonenumber": "(081)291-9173 x3567",
        "address": "760 Sammy Dale",
        "city": "Guªannbury",
        "country": "Northern Ireland",
        "photo": "https://randomuser.me/api/portraits/women/37.jpg",
        "favorite": false
      },
      {
        "id": 695,
        "createdTs": "2016-12-19T19:43:25.03164",
        "updatedTs": "2016-12-19T19:43:25.03167",
        "name": "Bell Schaefer",
        "email": "jade@raphael.info",
        "sex": "M",
        "birthdate": "1981-02-11T08:35:53.031223",
        "phonenumber": "1-1009-265-3975 x0010",
        "address": "89579 Koepp Roads",
        "city": "D'Amoreland",
        "country": "England",
        "photo": "https://randomuser.me/api/portraits/men/38.jpg",
        "favorite": false
      },
      {
        "id": 696,
        "createdTs": "2016-12-19T19:43:25.034285",
        "updatedTs": "2016-12-19T19:43:25.034376",
        "name": "Mr. Dillan Kihn",
        "email": "shad.king@lauriane.us",
        "sex": "F",
        "birthdate": "1978-03-01T07:18:06.033383",
        "phonenumber": "305.949.0595 x3580",
        "address": "191 Bins Avenue",
        "city": "Lindbury",
        "country": "England",
        "photo": "https://randomuser.me/api/portraits/women/39.jpg",
        "favorite": false
      },
      {
        "id": 697,
        "createdTs": "2016-12-19T19:43:25.036704",
        "updatedTs": "2016-12-19T19:43:25.03675",
        "name": "Ashly O'Hara",
        "email": "hilton_reichel@troy.net",
        "sex": "M",
        "birthdate": "1973-07-01T04:23:31.03624",
        "phonenumber": "1-8106-122-6925",
        "address": "1379 Zulauf Well",
        "city": "Walkerborough",
        "country": "Wales",
        "photo": "https://randomuser.me/api/portraits/men/40.jpg",
        "favorite": false
      },
      {
        "id": 698,
        "createdTs": "2016-12-19T19:43:25.038462",
        "updatedTs": "2016-12-19T19:43:25.038499",
        "name": "Delfina Anderson",
        "email": "deanna_schmitt@zoey.tv",
        "sex": "M",
        "birthdate": "1985-02-01T06:30:41.037985",
        "phonenumber": "(239)926-26103",
        "address": "6319 Mariana Vista",
        "city": "Lake Breana",
        "country": "England",
        "photo": "https://randomuser.me/api/portraits/men/41.jpg",
        "favorite": false
      },
      {
        "id": 699,
        "createdTs": "2016-12-19T19:43:25.040044",
        "updatedTs": "2016-12-19T19:43:25.04008",
        "name": "Sophia Ernser PhD",
        "email": "khalil@yesenia.biz",
        "sex": "M",
        "birthdate": "1992-11-20T18:19:42.039618",
        "phonenumber": "137.854.4195",
        "address": "064 Murazik Forks",
        "city": "Welchton",
        "country": "Scotland",
        "photo": "https://randomuser.me/api/portraits/men/42.jpg",
        "favorite": false
      },
      {
        "id": 700,
        "createdTs": "2016-12-19T19:43:25.04172",
        "updatedTs": "2016-12-19T19:43:25.041757",
        "name": "Drake Murray",
        "email": "lavinia_walsh@emanuel.us",
        "sex": "F",
        "birthdate": "1992-08-05T22:48:15.041268",
        "phonenumber": "(936)532-4061",
        "address": "38105 Weimann Cliffs",
        "city": "New Josiannetown",
        "country": "Northern Ireland",
        "photo": "https://randomuser.me/api/portraits/women/43.jpg",
        "favorite": false
      },
      {
        "id": 701,
        "createdTs": "2016-12-19T19:43:25.043351",
        "updatedTs": "2016-12-19T19:43:25.043381",
        "name": "Finn Shanahan",
        "email": "josephine@carlos.tv",
        "sex": "M",
        "birthdate": "1971-05-17T09:21:15.042903",
        "phonenumber": "1-354-3104-21029 x59324",
        "address": "071034 Humberto Pike",
        "city": "Curtbury",
        "country": "England",
        "photo": "https://randomuser.me/api/portraits/men/44.jpg",
        "favorite": false
      },
      {
        "id": 702,
        "createdTs": "2016-12-19T19:43:25.045023",
        "updatedTs": "2016-12-19T19:43:25.045058",
        "name": "Dock Gislason",
        "email": "annabelle@sofia.ca",
        "sex": "F",
        "birthdate": "1989-06-09T06:37:49.044568",
        "phonenumber": "1-408-128-1614 x238",
        "address": "943 Johnny Summit",
        "city": "Runolfsdottirside",
        "country": "Northern Ireland",
        "photo": "https://randomuser.me/api/portraits/women/45.jpg",
        "favorite": false
      },
      {
        "id": 703,
        "createdTs": "2016-12-19T19:43:25.047264",
        "updatedTs": "2016-12-19T19:43:25.047298",
        "name": "Unique Volkman",
        "email": "julianne@brielle.org",
        "sex": "M",
        "birthdate": "1982-08-11T21:00:09.046783",
        "phonenumber": "(005)286-9624 x5816",
        "address": "167 Abigayle Green",
        "city": "East Cliffordmouth",
        "country": "Scotland",
        "photo": "https://randomuser.me/api/portraits/men/46.jpg",
        "favorite": false
      },
      {
        "id": 704,
        "createdTs": "2016-12-19T19:43:25.049137",
        "updatedTs": "2016-12-19T19:43:25.04917",
        "name": "Miss Jayce Aufderhar",
        "email": "jannie@marisol.org",
        "sex": "F",
        "birthdate": "1984-02-06T03:01:17.048714",
        "phonenumber": "114.003.8146",
        "address": "831 Douglas Corner",
        "city": "Dovieville",
        "country": "Northern Ireland",
        "photo": "https://randomuser.me/api/portraits/women/47.jpg",
        "favorite": false
      },
      {
        "id": 705,
        "createdTs": "2016-12-19T19:43:25.050772",
        "updatedTs": "2016-12-19T19:43:25.050807",
        "name": "Benedict VonRueden",
        "email": "karina@margret.net",
        "sex": "F",
        "birthdate": "1978-07-12T21:44:44.050318",
        "phonenumber": "157-986-37107 x687",
        "address": "2910 Mortimer Hollow",
        "city": "Lake Tara",
        "country": "Scotland",
        "photo": "https://randomuser.me/api/portraits/women/48.jpg",
        "favorite": false
      },
      {
        "id": 706,
        "createdTs": "2016-12-19T19:43:25.053144",
        "updatedTs": "2016-12-19T19:43:25.053182",
        "name": "Enos Osinski",
        "email": "merle@emilio.biz",
        "sex": "M",
        "birthdate": "1977-07-15T05:03:12.052687",
        "phonenumber": "1-251-1022-104110 x47110",
        "address": "596 Hansen Motorway",
        "city": "McCluremouth",
        "country": "England",
        "photo": "https://randomuser.me/api/portraits/men/49.jpg",
        "favorite": false
      },
      {
        "id": 707,
        "createdTs": "2020-10-09T13:10:03.8035817",
        "updatedTs": "2020-10-09T13:10:03.803824",
        "name": "Sonu Sathyadas",
        "email": "sonusathyadas@gmail.com",
        "sex": "M",
        "birthdate": "1983-10-14",
        "phonenumber": "123456789",
        "address": "aa",
        "city": "Mumbai",
        "country": "India",
        "photo": "",
        "favorite": false
      },
      {
        "name": "Aditya",
        "email": "aditya@gmail.com",
        "sex": "M",
        "birthdate": "2014-09-28",
        "phonenumber": "86544567876",
        "address": "C205, Marina",
        "city": "Mumbai",
        "country": "India",
        "photo": "",
        "id": 708,
        "updatedTs": "2020-10-24T11:38:34.609Z"
      },
      {
        "name": "Kishore kumar",
        "email": "kishore@gmail.com",
        "sex": "M",
        "birthdate": "2020-10-14",
        "phonenumber": "456789876",
        "address": "aa",
        "city": "bb",
        "country": "India",
        "photo": "",
        "createdTs": "2020-10-24T12:00:31.894Z",
        "updatedTs": "2020-10-24T12:00:31.894Z",
        "favorite": false,
        "id": 709
      },
      {
        "name": "aad",
        "email": "aad@gmail.com",
        "sex": "M",
        "birthdate": "2020-10-14",
        "phonenumber": "234567",
        "address": "sdf",
        "city": "sdfds",
        "country": "India",
        "photo": "",
        "createdTs": "2020-10-24T12:02:02.354Z",
        "updatedTs": "2020-10-24T12:02:02.354Z",
        "favorite": false,
        "id": 710
      },
      {
        "name": "dfgdg",
        "email": "sdsdf@dfsdfs.com",
        "sex": "M",
        "birthdate": "2020-10-21",
        "phonenumber": "3456543",
        "address": "fdg",
        "city": "dfg",
        "country": "India",
        "photo": "",
        "createdTs": "2020-10-24T12:03:01.226Z",
        "updatedTs": "2020-10-24T12:03:01.226Z",
        "favorite": false,
        "id": 711
      },
      {
        "name": "fdf",
        "email": "dsf@sda.xom",
        "sex": "M",
        "birthdate": "2020-10-14",
        "phonenumber": "1234567654",
        "address": "sdf",
        "city": "sdf",
        "country": "India",
        "photo": "",
        "createdTs": "2020-10-31T04:40:27.108Z",
        "updatedTs": "2020-10-31T04:40:27.108Z",
        "favorite": false,
        "id": 712
      },
      {
        "name": "Test",
        "email": "Test1@gmail.com",
        "sex": "M",
        "birthdate": "2020-10-14",
        "phonenumber": "12345678",
        "address": "ss",
        "city": "dd",
        "country": "India",
        "photo": "",
        "createdTs": "2020-10-31T04:45:38.542Z",
        "updatedTs": "2020-10-31T04:45:38.542Z",
        "favorite": false,
        "id": 713
      },
      {
        "name": "dsd",
        "email": "sdf@gmail.com",
        "sex": "M",
        "birthdate": "2020-10-08",
        "phonenumber": "sdf",
        "address": "sdf",
        "city": "dfd",
        "country": "India",
        "photo": "",
        "createdTs": "2020-10-31T04:57:10.142Z",
        "updatedTs": "2020-10-31T04:57:10.142Z",
        "favorite": false,
        "id": 714
      },
      {
        "name": "dsdfsf",
        "email": "ssd@gmail.com",
        "sex": "M",
        "birthdate": "2020-10-27",
        "phonenumber": "2345676543",
        "address": "sdfsdfd",
        "city": "sdfs",
        "country": "India",
        "photo": "",
        "createdTs": "2020-10-31T05:00:18.470Z",
        "updatedTs": "2020-10-31T05:00:18.470Z",
        "favorite": false,
        "id": 715
      }
    ]
  }